{"accuracy": [0.795442521572113, 0.9210386872291565, 0.9565447568893433, 0.9697933197021484], "loss": [0.44654136896133423, 0.21000470221042633, 0.11972873657941818, 0.08660455048084259], "val_accuracy": [0.8333333134651184, 0.9004974961280823, 0.8830845952033997, 0.8855721354484558], "val_loss": [0.4124471843242645, 0.28146740794181824, 0.2827862501144409, 0.34684911370277405]}