{"accuracy": [0.6958134770393372, 0.7784843444824219, 0.8251192569732666, 0.8282988667488098, 0.843137264251709, 0.839957594871521, 0.846316933631897], "loss": [0.5650634765625, 0.44199755787849426, 0.41581258177757263, 0.37305188179016113, 0.36064210534095764, 0.3597169518470764, 0.35656267404556274], "val_accuracy": [0.7736318111419678, 0.8159204125404358, 0.823383092880249, 0.823383092880249, 0.8358209133148193, 0.8333333134651184, 0.8333333134651184], "val_loss": [0.46427810192108154, 0.4178813397884369, 0.407539039850235, 0.41042110323905945, 0.39956191182136536, 0.3832155764102936, 0.38392239809036255]}