{"accuracy": [0.7652358412742615, 0.8510863780975342, 0.8929517865180969, 0.9056704044342041, 0.9268680214881897, 0.9390566945075989, 0.9417064189910889], "loss": [0.48877039551734924, 0.3447168171405792, 0.261837363243103, 0.22117818892002106, 0.18662883341312408, 0.15863054990768433, 0.15144583582878113], "val_accuracy": [0.8059701323509216, 0.8457711338996887, 0.858208954334259, 0.8830845952033997, 0.8855721354484558, 0.8507462739944458, 0.8606964945793152], "val_loss": [0.45338451862335205, 0.35347414016723633, 0.33826228976249695, 0.3037358522415161, 0.3223516345024109, 0.37952539324760437, 0.4000735580921173]}