{"accuracy": [0.633280336856842, 0.6899840831756592, 0.7313195466995239, 0.7509273886680603, 0.7535771131515503, 0.7583465576171875, 0.7763646245002747, 0.7790142893791199, 0.7811340689659119, 0.793322741985321], "loss": [0.6391178965568542, 0.5770168304443359, 0.5329581499099731, 0.5096235871315002, 0.504582405090332, 0.4913571774959564, 0.4748104512691498, 0.4646002948284149, 0.45942485332489014, 0.45307570695877075], "val_accuracy": [0.611940324306488, 0.6243780851364136, 0.6592040061950684, 0.7039800882339478, 0.7189054489135742, 0.7263681888580322, 0.7338308691978455, 0.7288557291030884, 0.7363184094429016, 0.7363184094429016], "val_loss": [0.6624142527580261, 0.6385425925254822, 0.5960162281990051, 0.5589756369590759, 0.5343320369720459, 0.5189200043678284, 0.5132111310958862, 0.5122411847114563, 0.5067942142486572, 0.5060437917709351]}