{"accuracy": [0.6587175130844116, 0.7323794364929199, 0.7636460065841675, 0.7811340689659119, 0.7779543995857239, 0.794382631778717, 0.8002119660377502, 0.8177000284194946, 0.837307870388031, 0.839957594871521], "loss": [0.6009437441825867, 0.5334414839744568, 0.4931686222553253, 0.4778541326522827, 0.4652285575866699, 0.4430837035179138, 0.4290984869003296, 0.4111519157886505, 0.37906140089035034, 0.37032416462898254], "val_accuracy": [0.641791045665741, 0.7238805890083313, 0.7611940503120422, 0.7487562298774719, 0.7686567306518555, 0.7512437701225281, 0.7761194109916687, 0.7985074520111084, 0.7985074520111084, 0.7985074520111084], "val_loss": [0.5681381821632385, 0.543725311756134, 0.48125171661376953, 0.48119816184043884, 0.4560035169124603, 0.4614039659500122, 0.45145466923713684, 0.42118749022483826, 0.410098135471344, 0.4483908712863922]}