{"Combination": 9, "Learning Rate": 0.0001, "Batch Size": 64, "Dropout": 0.2, "Filters": 64, "Kernel": [5, 5], "Dense": 128, "Augmentation": false, "Activation": "relu", "Train Accuracy": 0.839957594871521, "Val Accuracy": 0.7985074520111084, "Test Accuracy": 0.8268292546272278}