{"accuracy": [0.6094329357147217, 0.6131425499916077, 0.6131425499916077], "loss": [0.676447868347168, 0.6687932014465332, 0.669910192489624], "val_accuracy": [0.611940324306488, 0.611940324306488, 0.611940324306488], "val_loss": [0.6691723465919495, 0.6677900552749634, 0.6678614616394043]}